メインキーワード,関連キーワード,対応手順,Graphvizコード,評価
VPN,"vpn, ぶいぴーえぬ, ブイピーエヌ, 繋がらない, 接続できない, つながらない, connect, connection","### 📥 VPN接続トラブルシューティング・フローチャート

#### ▼ STEP 1：基本の確認（一次切り分け）

1.  **💻 パソコンの再起動は試しましたか？**
    * **【ヒアリング】** 「まず、パソコンの再起動は既にお済みでしょうか？」と確認します。
    * **[いいえ]** → 「多くの場合、再起動で問題が解決することがございます。一度パソコンを再起動し、再度VPN接続をお試しいただけますでしょうか」とご案内し、結果を待ちます。
    * **[はい]** → 次のステップへ進みます。

2.  **🌐 インターネット接続は正常ですか？**
    * **【確認依頼】** 「ありがとうございます。次に、インターネット自体に繋がっているかを確認させてください。ブラウザを開いて、Yahoo!などのウェブサイトは正常に表示されますか？」と確認を依頼します。
    * **[いいえ、表示されない]** → VPNではなく、インターネット接続に問題がある可能性が高いです。「Wi-Fiルーターの再起動」や「LANケーブルの再接続」をご案内し、インターネット接続が回復してから、再度VPN接続を試していただくよう伝えます。
    * **[はい、表示される]** → 次のステップへ進みます。

---

#### ▼ STEP 2：VPN情報とエラーの確認

1.  **💬 エラーメッセージは表示されていますか？**
    * **【ヒアリング】** 「VPNに接続しようとすると、何かエラーメッセージやエラーコードは表示されますか？表示されている場合は、その内容を正確に教えていただけますでしょうか」と質問します。

2.  **🔑 IDとパスワードは正しいですか？**
    * **【確認依頼】** 「IDとパスワードが正しく入力されているか、もう一度ご確認いただけますでしょうか。大文字と小文字は区別されますのでご注意ください」と案内します。
    * **【追加アドバイス】** 「一度、メモ帳などのテキストエディタに入力してみて、間違いがないか確認してからコピー＆ペーストで貼り付けてみると確実です」と伝えると親切です。
    * **【多要素認証の確認】** もしスマートフォンアプリなどを使う認証がある場合は、「認証コードの有効期限が切れていないか」も合わせて確認してもらいます。

---

#### ▼ STEP 3：環境の確認

1.  **🏠 どこから接続していますか？**
    * **【ヒアリング】** 「現在、どちらからVPNに接続しようとしていますか？（ご自宅、カフェ、ホテルなど）」と質問します。（※公共Wi-Fiでは、セキュリティ上の制限でVPN接続ができない場合があります。）

2.  **📱 別のネットワークで試せますか？**
    * **【確認依頼】** 「もし可能でしたら、スマートフォンの**テザリング機能**を使って、ネットワークを切り替えてVPN接続を試していただけますでしょうか？」と依頼します。
    * **[テザリングで接続できた！]** → 原因は元のネットワーク（自宅のWi-Fiルーターなど）にある可能性が高いです。「ルーターの再起動」を再度ご案内します。
    * **[テザリングでも接続できない]** → パソコン本体やVPNソフトの問題の可能性が高まります。次のステップへ進みます。

---

#### ▼ STEP 4：PC側のソフトウェア確認

1.  **🛡️ セキュリティソフトを一時的に停止できますか？**
    * **【重要事項の説明】** 「お使いのウイルス対策ソフトなどが、VPNの通信をブロックしている可能性がございます。**セキュリティ上のリスクをご理解いただいた上で**、一時的にその機能をオフにしてVPN接続を試していただくことは可能でしょうか？」と慎重に確認します。
    * **[停止したら接続できた！]** → セキュリティソフトが原因です。例外設定をご案内するか、上位の担当者に対応を引き継ぎます。
    * **[停止しても接続できない]** → 次のステップへ進みます。

---

#### ▼ STEP 5：最終切り分けとエスカレーション

1.  **👥 他の人は接続できていますか？**
    * **【ヒアリング】** 「差し支えなければ、周りの同僚の方で、同じようにVPNに接続できない方はいらっしゃいますか？」と質問します。
    * **[はい、周りも繋がらない]** → VPNサーバー側の障害など、会社全体のシステムトラブルの可能性が高いです。システム管理部門に状況を確認・報告します。
    * **[いいえ、自分だけです]** → お客様個別の環境に問題がある可能性が高いです。

2.  **🆘 上位担当者へのエスカレーション**
    * これ以上はお客様自身での解決が難しいと判断した場合、無理せず上位の担当者に対応を引き継ぎます。
    * **【引き継ぎ時の報告】** 「お客様とここまでの手順（STEP1～4）を試しましたが、解決しませんでした」というように、**試した内容を正確に伝える**ことが重要です。","digraph {
    // Node definitions
    A [label=""受付：VPNに接続できません""];
    B [label=""PCの再起動は試りましたか？"", shape=diamond];
    C [label=""インターネット接続は正常？"", shape=diamond];
    D [label=""PC再起動をご案内し、結果を待つ""];
    F [label=""ネット接続の問題として対応""];
    G [label=""エラーメッセージは表示されている？"", shape=diamond];
    H [label=""エラー内容を正確にヒアリング""];
    I [label=""ID/パスワードは正しい？"", shape=diamond];
    K [label=""再入力・コピペ・多要素認証の確認を案内""];
    L [label=""別のネットワークテザリング等で試せる？"", shape=diamond];
    M [label=""テザリングで接続できた？"", shape=diamond];
    N [label=""元のNW自宅ルータ等が原因の可能性大""];
    O [label=""セキュリティソフトを一時停止できる？"", shape=diamond];
    P [label=""停止して接続できた？"", shape=diamond];
    Q [label=""セキュリティソフトが原因と特定""];
    R [label=""他の人も接続できない？"", shape=diamond];
    S [label=""VPNサーバ側の障害と判断し、管理部門へ報告""];
    T [label=""最終手段：VPN設定の再インストールを案内""];
    U [label=""解決しない場合はエスカレーション""];

    // Edge definitions
    A -> B;
    B -> C [label=""はい""];
    B -> D [label=""いいえ""];
    C -> G [label=""はい""];
    C -> F [label=""いいえ""];
    G -> H [label=""はい""];
    H -> I [label=""エラー内容を確認""];
    G -> I [label=""いいえ""];
    I -> L [label=""はい、正しい""];
    I -> K [label=""いいえ/不明""];
    K -> I [label=""確認後""];
    L -> M [label=""はい""];
    L -> O [label=""いいえ""];
    M -> N [label=""はい""];
    M -> O [label=""いいえ""];
    O -> P [label=""はい""];
    O -> R [label=""いいえ""];
    P -> Q [label=""はい""];
    P -> R [label=""いいえ""];
    R -> S [label=""はい、周りも""];
    R -> T [label=""いいえ、自分だけ""];
    T -> U [label=""解決しない""];
}",1
パスワードリセット,"ぱすわーど, パス, パスリセ, 再設定, 変更, 忘れた, ロック, password, pass, reset, locked, pasword","🔑 パスワードリセット対応フローチャート
▼ STEP 1：対象システムの特定と状況確認
まず、お客様がどのパスワードで困っているのかを正確に把握します。

💻 どのシステムのパスワードですか？

【ヒアリング】 「承知いたしました。どのシステムのパスワードでお困りでしょうか？」と質問します。

（例） パソコンにログインするパスワード、メール（Outlookなど）、特定の業務システム（経費精算システムなど）、VPNのパスワードなど。

Point: これによって対応方法が大きく変わるため、最初に必ず確認しましょう。

▼ STEP 2：ご本人様確認【最重要】
パスワードは重要な個人情報です。必ずご本人様であることを確認してから作業を進めます。

👤 ご本人様確認を実施します

【手順案内】 「ありがとうございます。それでは、パスワードのリセット手続きを進めるにあたり、セキュリティのため、いくつかご本人様確認をさせていただきます」とお伝えします。

【ヒアリング】 会社のルールに従い、本人確認を行います。

（例1：電話口の場合） 「恐れ入りますが、お名前フルネームと、社員番号を教えていただけますでしょうか？」

（例2：対面の場合） 「社員証を拝見してもよろしいでしょうか？」

[確認できない場合] → 「申し訳ございません。セキュリティの規定により、ご本人様確認が取れない場合はお電話でのパスワードリセットを承ることができません」と丁重にお断りし、社内で定められた正規の手順（例：上長経由での正式な依頼）をご案内します。

[確認できた場合] → 「ご本人様確認ができました。ありがとうございます」とお伝えし、次のステップへ進みます。

▼ STEP 3：リセット方法の案内と実施
対象システムに応じて、リセット方法が異なります。

分岐A：お客様自身でリセットできるシステムの場合
（例：Microsoft 365やGoogle Workspaceなどのクラウドサービス）

🔗 「パスワードをお忘れですか？」リンクの確認

【ヒアリング】 「そのシステムのログイン画面に、『パスワードをお忘れの場合』や『パスワードをリセット』といった文字のリンクはございますでしょうか？」と質問します。

[はい、あります] → お客様自身で操作していただくよう、手順を丁寧に案内します。

【手順案内】 「ありがとうございます。そちらのリンクをクリックして、画面の指示に従って操作を進めてみてください。ご登録されているメールアドレスやスマートフォンの電話番号に、再設定用の案内が届くかと思います」

Point: 操作に不安そうな場合は、画面に何が表示されているか聞きながら、一緒に手順を進めてあげると親切です。

[いいえ、ないです / やってみたが、うまくいかない] → ヘルプデスク側でリセットが必要な可能性が高いです。分岐Bへ進みます。

分岐B：ヘルプデスク側でリセット作業が必要なシステムの場合
（例：パソコンのログインパスワードや社内の独自システムなど）

🖥️ ヘルプデスク側で初期化（リセット）作業

【手順案内】 「承知いたしました。こちらでパスワードを一旦リセットし、一時的なパスワード（仮パスワード）を発行いたします。少々お待ちください」とお伝えします。

（担当者の作業） 社内の管理ツールを使い、お客様のアカウントのパスワードをリセットします。

🗣️ 仮パスワードの伝達と、初回ログイン後の変更依頼

【手順案内】 「お待たseいたしました。仮パスワードを発行しましたので、口頭でお伝えします。聞き間違いがないよう、ゆっくりお伝えしますね」と前置きします。

【重要：伝え方のコツ】

（例） 「大文字のP、小文字のa、数字の1、2、3、ビックリマークです」のように、大文字・小文字・数字・記号を区別してはっきりと伝えます。

お客様に復唱していただき、間違いがないか確認します。

【重要：初回ログイン後の作業を必ず伝える】

【手順案内】 「この仮パスワードでログインすると、**すぐに新しいパスワードを設定する画面が表示されます。**セキュリティのため、お客様ご自身で決めた新しいパスワードに変更をお願いいたします」と必ず伝えます。

▼ STEP 4：お客様による最終確認と対応完了
お客様が実際にログインできるか、最後まで見届けることが重要です。

✅ ログインとパスワード変更の確認

【確認依頼】 「それでは、大変恐縮ですが、お電話を繋いだまま、今お伝えした仮パスワードでログインし、新しいパスワードへの変更までお試しいただけますでしょうか？」と依頼します。

[できました！] → 対応完了です。

【クロージング】 「ご確認いただき、ありがとうございます。無事にログインできたようで安心いたしました。他に何かお困りのことはございませんか？」と確認し、なければ「それでは、失礼いたします」と丁寧挨拶して電話を終えます。

[できません…] → 焦らず、原因を切り分けます。

「もう一度、仮パスワードをお伝えしますね」と、再度パスワードを丁寧に伝えます。

それでもログインできない場合は、アカウントがロックされているなど別の原因が考えられます。「申し訳ございません、状況を詳しくお調べしますので、もう少々お待ちいただけますか」と伝え、上位の担当者に相談（エスカレーション）しましょう。","digraph {
    // ノード（各ステップの箱）を定義
    Start [label=""パスワードリセット依頼"", shape=oval];
    AskSystem [label=""STEP1: どのシステムの\nパスワードかヒアリング""];
    VerifyIdentity [label=""STEP2: ご本人様確認を実施"", shape=diamond];
    DeclineRequest [label=""セキュリティ規定により\nリセット不可と案内し、\n正規手順を案内"", shape=box, style=filled, fillcolor=lightcoral];
    CheckResetMethod [label=""STEP3: リセット方法の分岐\nお客様自身でリセット可能か？"", shape=diamond];
    GuideSelfReset [label=""「パスワードをお忘れですか？」\nリンクからの操作を案内""];
    SelfResetWorks [label=""お客様自身で解決できたか？"", shape=diamond];
    HD_Reset [label=""ヘルプデスク側で\nパスワードを初期化""];
    ProvideTempPass [label=""仮パスワードを伝達""];
    InstructChange [label=""初回ログイン後の\nパスワード変更を依頼""];
    ConfirmLogin [label=""STEP4: お客様による\nログイン・変更確認"", shape=diamond];
    Troubleshoot [label=""ログイン失敗\n(パスワード再伝達、ロック確認)""];
    Escalate [label=""解決しないため\n上位担当者へエスカレーション"", shape=box, style=filled, fillcolor=orange];
    End_Success [label=""対応完了"", shape=oval, style=filled, fillcolor=lightgreen];

    // エッジ（矢印の流れ）を定義
    Start -> AskSystem;
    AskSystem -> VerifyIdentity;
    VerifyIdentity -> CheckResetMethod [label=""はい""];
    VerifyIdentity -> DeclineRequest [label=""いいえ""];
    CheckResetMethod -> GuideSelfReset [label=""はい""];
    CheckResetMethod -> HD_Reset [label=""いいえ""];
    GuideSelfReset -> SelfResetWorks;
    SelfResetWorks -> End_Success [label=""はい""];
    SelfResetWorks -> HD_Reset [label=""いいえ / うまくいかない""];
    HD_Reset -> ProvideTempPass -> InstructChange -> ConfirmLogin;
    ConfirmLogin -> End_Success [label=""はい""];
    ConfirmLogin -> Troubleshoot [label=""いいえ""];
    Troubleshoot -> Escalate;
}",0
プリンター,"ぷりんたー, 印刷, いんさつ, 印刷できない, 出ない, 出力, printer, print, printing, purinta","🖨️ プリンター印刷トラブル対応フローチャート
▼ STEP 1：プリンター本体の確認（物理的な確認）
まず、パソコンから離れて、プリンター本体が正常に動いているかを確認します。

💡 プリンター本体の状態を確認します

【ヒアリング】 「まず、プリンター本体の状態から確認させてください。プリンターの電源は入っていて、液晶画面やランプは点灯していますでしょうか？」

[いいえ、電源が入らない] → 「プリンターに繋がっている電源ケーブルが、コンセントやプリンター本体にしっかり差し込まれているか、ご確認いただけますでしょうか」とご案内します。

[はい、電源は入っている] → 次のステップへ進みます。

❗ エラー表示や警告ランプはありませんか？

【ヒアリング】 「プリンターの液晶画面に、何かエラーメッセージは表示されていますか？または、赤色やオレンジ色のランプが点滅していたりしますか？」と質問します。

[はい、表示されている] → 表示されている内容を具体的に聞きます。

（例）「紙詰まり」 → 「プリンターのカバーを開けて、詰まっている紙をゆっくりと取り除いていただけますでしょうか」と手順を案内します。

（例）「トナー/インクがありません」 → 「新しいトナーまたはインクカートリッジへの交換をお願いいたします」とご案内します。

（例）エラーコード（E01など） → エラーコードを正確に控え、上位担当者に相談するか、社内マニュアルで確認します。

[いいえ、特に表示はない] → 次のステップへ進みます。

🔄 プリンター本体の再起動を試します

【確認依頼】 「ありがとうございます。それでは、一度プリンター本体の電源ボタンで電源を切り、1分ほど待ってから、再度電源を入れ直してみていただけますでしょうか」と依頼します。

Point: これだけで解決することも非常に多い、簡単で効果的な方法です。

解決しない場合 → 次のステップへ進みます。

▼ STEP 2：パソコンとプリンターの接続確認
次に、パソコンとプリンターがちゃんと繋がっているかを確認します。

🔌 どのようにつないでいますか？

【ヒアリング】 「お使いのパソコンとプリンターは、ケーブルで直接繋がっていますか？それとも、社内のネットワーク（Wi-FiやLAN）を経由して繋がっていますか？」と質問します。

分岐A：USBケーブルで直接つないでいる場合
【確認依頼】 「パソコンとプリンターに繋がっているUSBケーブルを一度両方とも抜き、カチッと音がするまで、もう一度しっかりと差し直してみてください」と依頼します。

分岐B：ネットワーク（Wi-FiやLAN）でつないでいる場合
【確認依頼】 「まず、お客様のパソコンはインターネット（社内ウェブサイトなど）に問題なく繋がっていますでしょうか？」と確認します。

[いいえ、繋がっていない] → プリンター以前にネットワーク接続の問題の可能性があります。ネットワーク接続の復旧を優先してご案内します。

[はい、繋がっている] → 「承知いたしました。プリンターがLANケーブルで繋がっている場合は、ケーブルが抜けていないか、差込口のランプがチカチカしているかをご確認ください」と案内します。

解決しない場合 → 次のステップへ進みます。

▼ STEP 3：パソコン側の設定確認
最後に、パソコンの中の設定を確認します。

🖱️ 印刷先のプリンターは正しいですか？

【確認依頼】 「WordやExcelなどで印刷ボタンを押すと、プリンターを選択する画面が出てくるかと思います。そこで、普段お使いの正しいプリンターの名前が選ばれているか、ご確認いただけますでしょうか？」と依頼します。

Point: 「Microsoft Print to PDF」や「Fax」など、意図しないものが選ばれていることがよくあります。

📄 印刷待ちデータが溜まっていませんか？

【確認依頼】 「パソコンの画面右下にあるプリンターのマークをクリックするか、『設定』から『プリンターとスキャナー』を開いて、印刷待ちのデータが溜まっていないか確認できます。もしデータが溜まっていたら、『すべてのドキュメントの取り消し』を選んで一度すべて削除し、再度印刷をお試しください」と手順を案内します。

⏸️ 「オフライン」や「一時停止」になっていませんか？

【確認依頼】 「先ほどのプリンターの一覧画面で、お使いのプリンターの表示が『オフライン』や『一時停止』になっていませんでしょうか？」と質問します。

[はい、なっている] → 「プリンターの名前の上で右クリックし、『プリンターをオンラインで使う』または『印刷の再開』といった項目があれば、そちらをクリックしてみてください」と案内します。

▼ STEP 4：最終切り分けとエスカレーション
ここまでで解決しない場合は、影響範囲を確認し、より専門的な調査へ進みます。

👥 他の人は印刷できますか？

【ヒアリング】 「お客様の周りの方で、同じプリンターを使っている方はいらっしゃいますか？もし、いらっしゃれば、その方は問題なく印刷できるか、ご確認いただくことは可能でしょうか？」と質問します。

[はい、他の人は印刷できている] → お客様のパソコン固有の問題（ドライバー不具合など）の可能性が高いです。「一度パソコンの再起動をお試しいただけますでしょうか」と再度依頼し、それでも解決しない場合は、上位担当者にリモートでの詳細調査を依頼（エスカレーション）します。

[いいえ、周りの人もできない] → プリンター本体の故障や、ネットワークの障害など、広範囲な問題の可能性が高いです。「貴重な情報をありがとうございます。プリンター自体に問題が起きている可能性が高いようですので、こちらで専門の担当者に確認を手配いたします」と伝え、エスカレーションします。","digraph G {
  rankdir=TB;
  node [fontname=""sans-serif""];
  
  subgraph cluster_0 {
    label = ""プリンター印刷トラブル対応フローチャート"";
    
    node1 [shape=box, label=""STEP 1：プリンター本体の確認\n(物理的な確認)""];
    node2 [shape=diamond, label=""電源は入っているか？""];
    node3 [shape=box, label=""電源ケーブルの接続を確認""];
    node4 [shape=diamond, label=""エラー表示や警告ランプはあるか？""];
    node5 [shape=box, label=""エラー内容をヒアリングし、対応\n(紙詰まり、インク切れ、エラーコードなど)""];
    node6 [shape=box, label=""プリンター本体の再起動""];
    node7 [shape=oval, style=filled, fillcolor=lightgreen, label=""対応完了""];
    node8 [shape=box, label=""STEP 2：パソコンとプリンターの接続確認""];
    node9 [shape=diamond, label=""接続方法：USB or ネットワーク？""];
    node10 [shape=box, label=""USBケーブルの接続を確認""];
    node11 [shape=diamond, label=""ネットワーク接続は正常か？""];
    node12 [shape=box, label=""ネットワーク接続の復旧を案内""];
    node13 [shape=box, label=""LANケーブルの接続を確認""];
    node14 [shape=box, label=""STEP 3：パソコン側の設定確認""];
    node15 [shape=diamond, label=""印刷先のプリンターは正しいか？""];
    node16 [shape=box, label=""印刷待ちデータの確認と削除""];
    node17 [shape=diamond, label=""「オフライン」or「一時停止」か？""];
    node18 [shape=box, label=""「オンライン」or「再開」操作を案内""];
    node19 [shape=box, label=""STEP 4：最終切り分けとエスカレーション""];
    node20 [shape=diamond, label=""他の人は印刷できるか？""];
    node21 [shape=box, style=filled, fillcolor=lightcoral, label=""パソコン再起動を案内、解決しない場合はエスカレーション""];
    node22 [shape=box, style=filled, fillcolor=lightcoral, label=""エスカレーション(プリンター本体/ネットワーク障害)""];


  }

  node1 -> node2;
  node2 -> node3 [label=""いいえ""];
  node2 -> node4 [label=""はい""];
  node3 -> node2;
  node4 -> node5 [label=""はい""];
  node4 -> node6 [label=""いいえ""];
  node5 -> node6;
  node6 -> node7 [label=""解決""];
  node6 -> node8 [label=""解決しない""];
  node8 -> node9;
  node9 -> node10 [label=""USB""];
  node9 -> node11 [label=""ネットワーク""];
  node10 -> node8 [label=""解決しない""];
  node11 -> node12 [label=""いいえ""];
  node11 -> node13 [label=""はい""];
  node12 -> node8 [label=""解決しない""];
  node13 -> node8 [label=""解決しない""];
  node8 -> node14 [label=""解決しない""];
  node14 -> node15;
  node15 -> node16 [label=""解決しない""];
  node16 -> node17;
  node17 -> node18 [label=""はい""];
  node17 -> node19 [label=""いいえ""];
  node18 -> node19;
  node19 -> node20;
  node20 -> node21 [label=""はい""];
  node20 -> node22 [label=""いいえ""];

}",0
Wi-Fi,"wifi, ワイファイ, わいふぁい, 無線, ネット, インターネット, 繋がらない, wireless, internet, wfi","📶 Wi-Fi接続トラブル対応フローチャート
▼ STEP 1：パソコン・スマートフォン本体の基本確認
まず、お客様がお使いの機器（デバイス）の一番簡単な設定から確認します。

🔄 機器の再起動は試しましたか？

【ヒアリング】 「まず、お使いのパソコンやスマートフォンを再起動（電源を一度完全に切って、入れ直すこと）は、既にお済みでしょうか？」と確認します。

[いいえ] → 「多くの一時的な不具合は、再起動で改善することがございます。一度、再起動してから再度Wi-Fi接続をお試しいただけますでしょうか」とご案内し、結果を待ちます。

[はい] → 次のステップへ進みます。

✈️ Wi-Fi機能はオンになっていますか？

【確認依頼】 「次に、Wi-Fi機能がオンになっているか確認させてください。パソコンによっては、キーボードに飛行機のマーク✈のキー（機内モード）や、Wi-Fiのアンテナマークのスイッチがある場合がございます。オフになっていないか、ご確認いただけますでしょうか」と依頼します。

【追加確認】 「また、画面の右下（Windows）や右上（Mac）にあるWi-Fiの扇形のマークをクリックして、Wi-Fiがオンになっているかもご確認ください」と案内します。

解決しない場合 → 次のステップへ進みます。

▼ STEP 2：Wi-Fiネットワークへの接続確認
次に、Wi-Fiの電波を正しく掴めているかを確認します。

📡 接続したいネットワーク名は見えていますか？

【ヒアリング】 「Wi-Fiのネットワーク一覧を開いたときに、接続したい会社名などのネットワーク名（SSIDと言います）は見えていますでしょうか？」と質問します。

[いいえ、見えていない] → 電波が届いていないか、Wi-Fiの電波自体が出ていない可能性があります。STEP 3へ進みます。

[はい、見えている] → 電波は掴めているようです。次のステップへ進みます。

🔑 パスワードを再入力してみましたか？

【確認依頼】 「ありがとうございます。それでは一度、現在保存されているWi-Fiの接続設定を削除（または『このネットワークを削除』）してから、もう一度パスワードを正しく入力して接続し直してみていただけますでしょうか？」と依頼します。

Point: パスワードがいつの間にか変更されていたり、保存されていた情報が古くなっていることがあります。

【追加アドバイス】 「パスワードを入力する際は、大文字と小文字が正しく入力されているか、キーボードの『Caps Lock』キーがオンになっていないか、なども合わせてご確認ください」と伝えると親切です。

解決しない場合 → 次のステップへ進みます。

▼ STEP 3：場所と周りの環境の確認
問題が機器だけなのか、それとも環境に原因があるのかを切り分けます。

🏢 どちらの場所で接続していますか？

【ヒアリング】 「現在、どちらの場所で接続をお試しですか？（いつもの自席、会議室、ご自宅など）」と質問します。

【確認依頼】 「もし、いつもと違う場所（例えば、電波の届きにくい会議室など）でしたら、一度いつものお席など、Wi-Fiのアンテナが強い場所へ移動して接続できるか試していただけますでしょうか」と依頼します。

🔌 Wi-Fiルーターの再起動は可能ですか？

【ヒアリング】 「もし、Wi-Fiの電波を出す機械（ルーターやアクセスポイント）がお近くにあり、再起動が可能でしたら、そちらの電源ケーブルを一度抜き、1分ほど待ってから再度差し込んでみていただけますでしょうか？」と確認します。

【重要注意】 「※社内の共有機器の場合は、他の方もインターネットが利用できなくなりますので、実施する前に周りの方に一声おかけくださいますようお願いいたします」と必ず付け加えます。

解決しない場合 → 次のステップへ進みます。

▼ STEP 4：最終切り分けとエスカレーション
問題がお客様一人だけのものか、全体の問題なのかを判断します。

👥 周りの人も接続できていませんか？

【ヒアリング】 「お客様の周りの方で、同じようにWi-Fiに接続できない方はいらっしゃいますか？」と質問します。

[はい、周りも繋がらない] → Wi-Fiのアクセスポイントや、ネットワーク全体に障害が発生している可能性が非常に高いです。「貴重な情報をありがとうございます。社内ネットワークで問題が発生している可能性がございますので、こちらで大至急調査いたします」とお伝えし、システム管理部門へ報告・エスカレーションします。

[いいえ、自分だけです] → お客様の機器固有の問題の可能性が高いです。次のステップへ進みます。

📱 他の機器（スマホなど）では接続できますか？

【ヒアリング】 「もし、お持ちでしたら、お客様のスマートフォンなど、別の機器では同じWi-Fiに接続できますでしょうか？」と質問します。

[はい、スマホは繋がる] → パソコン側の問題（ハードウェアの故障や、より複雑な設定の問題）である可能性が濃厚です。「承知いたしました。パソコン側に問題があるようですので、詳細をお調べいたします」と伝え、リモート操作で調査するか、上位の担当者に対応を依頼（エスカレーション）します。

[いいえ、スマホも繋がらない] → 周りの人は繋がっているのに、お客様の機器だけが複数台繋がらない状況です。アカウント認証の問題なども考えられます。ここまでの調査内容を正確に上位担当者に報告し、対応を引き継ぎましょう。","digraph G {
  fontname=""sans-serif"";
  node [fontname=""sans-serif""];
  edge [fontname=""sans-serif""];

  subgraph cluster_0 {
    label = ""📶 Wi-Fi接続トラブル対応フローチャート"";
    A [shape=diamond, label=""機器の再起動は試しましたか？""];
    B [shape=diamond, label=""Wi-Fi機能はオンになっていますか？""];
    C [shape=diamond, label=""接続したいネットワーク名は見えていますか？""];
    D [shape=diamond, label=""パスワードを再入力してみましたか？""];
    E [shape=diamond, label=""どちらの場所で接続していますか？""];
    F [shape=diamond, label=""Wi-Fiルーターの再起動は可能ですか？""];
    G [shape=diamond, label=""周りの人も接続できていませんか？""];
    H [shape=diamond, label=""他の機器（スマホなど）では接続できますか？""];
    I [shape=oval, style=filled, fillcolor=lightgreen, label=""対応完了""];
    J [shape=box, style=filled, fillcolor=lightcoral, label=""システム管理部門へエスカレーション""];
    K [shape=box, style=filled, fillcolor=lightcoral, label=""上位担当者へエスカレーション""];
    L [shape=box, style=filled, fillcolor=lightcoral, label=""解決不可""];


  }

  A -> A1 [label=""いいえ""];
  A -> B [label=""はい""];
  A1 [shape=box, label=""再起動後、再度接続をお試しください""];
  A1 -> A;

  B -> C [label=""解決しない場合""];
  B -> I [label=""解決した場合""];

  C -> D [label=""はい、見えている""];
  C -> E [label=""いいえ、見えていない""];


  D -> E [label=""解決しない場合""];
  D -> I [label=""解決した場合""];

  E -> F [label=""解決しない場合""];
  E -> I [label=""解決した場合""];

  F -> G [label=""解決しない場合""];
  F -> I [label=""解決した場合""];

  G -> J [label=""はい、周りも繋がらない""];
  G -> H [label=""いいえ、自分だけです""];

  H -> K [label=""はい、スマホは繋がる""];
  H -> L [label=""いいえ、スマホも繋がらない""];

}",0
PC動作不良,"遅い, おそい, 動作, パフォーマンス, 重い, おもい, 固まる, フリーズ, slow, performance, lag, freeze","💻 PC動作が遅い時のトラブル対応フローチャート
▼ STEP 1：状況把握と “魔法の言葉”
まず、最も基本的で効果的な対応と、問題の切り分けのためのヒアリングを行います。

🔄 パソコンの再起動は試しましたか？

【ヒアリング】 「承知いたしました。まず、パソコンを再起動（電源を一度完全に切って、入れ直すこと）は、既にお済みでしょうか？」と確認します。

[いいえ] → 「パソコンは長時間使い続けると、内部に不要な情報が溜まって動作が遅くなることがあります。多くの場合、再起動するだけで改善しますので、一度お試しいただけますでしょうか」とご案内し、結果を待ちます。

[はい] → 「ありがとうございます。それでは、もう少し詳しく状況をお伺いします」と伝え、次のステップへ進みます。

🤔 いつ、どのような時に遅いですか？

【ヒアリング】 「いつ頃から、また、どのような操作をすると特に『遅い』と感じますでしょうか？」と、できるだけ具体的に質問します。

（例A）「特定のアプリ（Excelなど）を使っている時だけ遅い」

→ そのアプリ固有の問題の可能性があります。「一度そのアプリを完全に閉じて、もう一度開き直すと改善するかお試しください」とご案内します。

（例B）「インターネットを見ている時だけ遅い」

→ ネットワークやブラウザの問題の可能性があります。STEP 2へ進みます。

（例C）「朝一の起動時だけ、やけに遅い」

→ パソコン起動時に動き出すプログラムが多い可能性があります。STEP 3へ進みます。

（例D）「何をしても、常に全体的に遅い」

→ パソコン全体に負荷がかかっている可能性があります。STEP 2へ進みます。

▼ STEP 2：パソコンへの負荷を軽くする（ユーザー操作の確認）
目に見える範囲で、パソコンに負担をかけている原因がないかを確認します。

📑 アプリをたくさん開いていませんか？

【ヒアリング】 「現在、WordやExcel、Teams、Webブラウザなど、多くのアプリケーションを同時に起動していませんか？」と質問します。

【確認依頼】 「もし多く起動しているようでしたら、一度、今使っていないアプリケーションを右上の『×』ボタンで終了させて、動作が改善するかご確認いただけますか？」と依頼します。

🌐 Webブラウザのタブを開きすぎていませんか？

【ヒアリング】 「Google ChromeやEdgeなどのWebブラウザで、調べ物などのためにタブをたくさん（例えば20個以上）開いたままにしていませんか？」と質問します。

【確認依頼】 「タブをたくさん開くと、パソコンのパワーを大きく消費します。不要なタブを閉じていただくと、動作が軽くなることがありますのでお試しください」と依頼します。

▼ STEP 3：見えないところの負荷を確認する（バックグラウンド処理）
お客様の操作とは関係なく、パソコンが裏側で何か重い作業をしていないか確認します。

⚙️ パソコンが大きな更新作業をしていませんか？

【手順案内】 「パソコンが裏側で大きな更新プログラム（Windows Update）を自動でダウンロードしたり、インストールしたりしている最中は、動作が遅くなることがあります」と説明します。

【確認依頼】 「画面の右下や『設定』画面に更新に関するメッセージが表示されていないかご確認いただき、もし更新中であれば、完了するまでしばらく様子を見ていただけますでしょうか」と依頼します。

🛡️ セキュリティソフトが動いていませんか？

【手順案内】 「同様に、ウイルス対策ソフトがパソコン全体のスキャンを実行している最中も、動作が非常に遅くなることがあります」と説明します。

【確認依頼】 「お使いのウイルス対策ソフトの画面を開いて、スキャンが実行中になっていないか、ご確認いただけますでしょうか」と依頼します。

▼ STEP 4：パソコンの健康状態を確認する
パソコンの根本的な""体力""が落ちていないか、簡単な診断をします。

💾 データの保存場所は一杯になっていませんか？

【手順案内】 「データを保存する場所（Cドライブ）の空き容量が少なくなると、パソコンの動作は極端に遅くなります」と説明します。

【確認依頼】 「フォルダのアイコン（エクスプローラー）を開き、左側にある『PC』をクリックすると、Cドライブの空き容量が表示されます。グラフが赤色になっていないか、ご確認いただけますでしょうか？」

[赤色になっている] → 「容量不足が原因の可能性が高いです。不要になったファイルや、デスクトップ上の大きなファイルを整理したり、『ごみ箱』を空にしていただくと改善する可能性があります」とご案内します。

▼ STEP 5：最終切り分けとエスカレーション
ここまでの手順で改善しない場合は、より専門的な調査が必要です。

👥 周りの人も同じ状況ですか？

【ヒアリング】 「お客様の周りの方で、同じように『パソコンが遅い』と感じている方はいらっしゃいますか？」と質問します。

[はい、周りも遅い] → 社内システムやネットワークに広範囲な問題が発生している可能性があります。「貴重な情報をありがとうございます。皆様に影響が出ている問題のようですので、こちらでシステム全体を至急調査いたします」と伝え、システム管理部門へエスカレーションします。

[いいえ、自分だけです] → お客様のパソコン固有の問題（ウイルス感染、部品の劣化など）の可能性が高いです。次のステップへ進みます。

🆘 専門担当者による詳細調査へ

【手順案内】 「お調べいただき、ありがとうございます。ここまでの手順で改善しないとなりますと、ウイルス感染の可能性や、パソコン内部の部品の問題など、より詳細な調査が必要となります」と状況を説明します。

【エスカレーション】 「恐れ入りますが、専門の担当者がリモート操作などで詳しくお調べいたしますので、対応を引き継がせていただいてもよろしいでしょうか」と、丁寧にお伝えし、上位担当者へエスカレーションします。その際、**「ここまでに試した手順と、お客様からのヒアリング内容」**を正確に伝えることが重要です。","digraph G {
  fontname=""sans-serif"";
  node [fontname=""sans-serif""];
  edge [fontname=""sans-serif""];

  subgraph cluster_0 {
    label = ""💻 PC動作が遅い時のトラブル対応フローチャート"";
    
    A [label=""再起動済み？"", shape=diamond];
    B [label=""状況ヒアリング"", shape=box];
    C [label=""特定アプリ使用時のみ遅い？"", shape=diamond];
    D [label=""インターネット閲覧時のみ遅い？"", shape=box];
    E [label=""起動時のみ遅い？"", shape=box];
    F [label=""常に遅い？"", shape=box];
    G [label=""アプリを閉じてもう一度実行"", shape=box];
    H [label=""STEP 2へ"", shape=box];
    I [label=""STEP 3へ"", shape=box];
    J [label=""STEP 2へ"", shape=box];
    K [label=""対応完了"", shape=oval, style=filled, fillcolor=lightgreen];
    L [label=""STEP 2：パソコンへの負荷を軽くする"", shape=box];
    M [label=""STEP 3：見えないところの負荷を確認する"", shape=box];
    N [label=""STEP 4：パソコンの健康状態を確認する"", shape=box];
    O [label=""アプリ多数起動？"", shape=diamond];
    P [label=""タブ多数開放？"", shape=diamond];
    Q [label=""大きな更新作業中？"", shape=diamond];
    R [label=""セキュリティソフト動作中？"", shape=diamond];
    S [label=""データ保存場所一杯？"", shape=diamond];
    T [label=""容量不足解消"", shape=box];
    U [label=""STEP 5：最終切り分けとエスカレーション"", shape=box];
    V [label=""周りも遅い？"", shape=diamond];
    W [label=""システム管理部門へエスカレーション"", shape=box, style=filled, fillcolor=lightcoral];
    X [label=""専門担当者へエスカレーション"", shape=box, style=filled, fillcolor=lightcoral];


  }

  A -> B [label=""いいえ""];
  A -> B [label=""はい""];
  B -> C [label=""""];
  C -> G [label=""はい""];
  C -> H [label=""いいえ""];
  D -> H [label=""""];
  E -> I [label=""""];
  F -> J [label=""""];
  G -> K [label=""""];
  H -> L [label=""""];
  I -> M [label=""""];
  J -> L [label=""""];
  L -> O [label=""""];
  O -> K [label=""改善""];
  O -> P [label=""改善せず""];
  P -> K [label=""改善""];
  P -> M [label=""改善せず""];
  M -> Q [label=""""];
  Q -> K [label=""改善""];
  Q -> R [label=""改善せず""];
  R -> K [label=""改善""];
  R -> N [label=""改善せず""];
  N -> S [label=""""];
  S -> T [label=""はい""];
  S -> U [label=""いいえ""];
  T -> K [label=""""];
  U -> V [label=""""];
  V -> W [label=""はい""];
  V -> X [label=""いいえ""];
}",0
アプリのフリーズ,"フリーズ, 固まる, 落ちる, 強制終了, 応答なし, アプリ, ソフト, Excel, Word, Teams, freeze, crash, not responding","🧊 特定アプリがフリーズする時のトラブル対応フローチャート
▼ STEP 1：状況把握と基本の対処
まず、どのような状況で問題が起きているのかを正確に把握し、最も簡単で効果的な対処法から試します。

🤔 状況を詳しくヒアリングします

【ヒアリング①】 「承知いたしました。まず、フリーズするのはどのアプリケーションソフトでしょうか？（例：Excel、Google Chrome、社内の〇〇システムなど）」

【ヒアリング②】 「次に、どのような操作をしている時にフリーズすることが多いですか？（例：特定のファイルを開く時、印刷しようとした時、起動してすぐなど）」

【ヒアリング③】 「フリーズした際に、何かエラーメッセージ（『応答なし』など）は表示されますか？表示される場合は、その内容を教えてください」

🔄 “再起動” を試します

【確認依頼】 「フリーズした際に、一度アプリを強制終了（右上の×ボタンや、[Ctrl]+[Alt]+[Delete]キーから）して、再度起動すると一時的に直りますか？」

【ヒアリング】 「ありがとうございます。それでは、パソコン自体の再起動（電源を一度完全に切って、入れ直すこと）は、既にお試しいただけましたでしょうか？」

[いいえ] → 「アプリの不調がパソコン全体の不安定さから来ていることもございます。一度パソコンを再起動し、再度同じ操作を試してみていただけますでしょうか」とご案内します。

[はい] → 次のステップへ進みます。

▼ STEP 2：原因の切り分け（アプリ or データ？）
フリーズの原因が、アプリ本体にあるのか、それとも扱っている特定のファイルにあるのかを切り分けます。

📄 新規ファイルでも発生しますか？

※この手順は、ExcelやWord、PowerPointなど、ファイルを扱うアプリの場合に特に有効です。

【ヒアリング】 「いつも同じファイル（例えば、特定のExcelシートなど）を編集している時にフリーズしますか？」

[はい、同じファイルで発生する] → 「もしよろしければ、一度、何も入力していないまっさらな新規ファイルを作成し、そちらでも同じようにフリーズするか、お試しいただけますでしょうか？」と依頼します。

[新規ファイルではフリーズしない] → ファイル破損の可能性が高いです。「お使いのファイルが破損している可能性があります。ファイルのバックアップ（コピー）を取った上で、中身を新しいファイルにコピーして保存し直すと改善するかもしれません」とご案内します。

[新規ファイルでもフリーズする] → アプリ本体やPC環境の問題の可能性が高いです。次のステップへ進みます。

[いいえ、どのファイルでも発生する] → アプリ本体やPC環境の問題の可能性が高いです。次のステップへ進みます。

▼ STEP 3：アプリ本体の健康診断
アプリ自体が最新の状態か、また、軽微な不具合を自己修復できないかを確認します。

✨ アプリは最新の状態ですか？

【確認依頼】 「お使いのアプリは、最新の状態にアップデートされていますでしょうか？ アプリのメニューにある『ヘルプ』や『ファイル』→『アカウント』などの項目から、更新プログラムがないかご確認いただけますか？」

Point: 古いバージョンのアプリには、フリーズを引き起こす不具合が含まれていることがあります。

🔧 アプリの「修復（リペア）」を試します

※この手順は、Microsoft Officeなどの一部のアプリで有効です。

【手順案内】 「アプリの調子が悪い時に、自己修復する機能があります。Windowsの『設定』→『アプリ』の一覧から、該当のアプリを選び、『変更』や『詳細オプション』といったボタンを押すと、『修復』という項目が出てくることがあります。そちらを実行してみてください」とご案内します。

解決しない場合 → 次のステップへ進みます。

▼ STEP 4：PC環境との相性を確認する
パソコンのパワー不足や、他のソフトが悪影響を与えていないかを確認します。

🏃 パソコンに負荷がかかりすぎていませんか？

【ヒアリング】 「フリーズするアプリを使っている時、同時に他の多くのアプリを起動していたり、Webブラウザで多くのタブを開いていたりしませんか？」

【確認依頼】 「もしそうであれば、一度他のアプリやタブを閉じて、パソコンの負担を軽くした状態で、再度動作をご確認いただけますでしょうか」と依頼します。

▼ STEP 5：最終切り分けとエスカレーション
ここまでの手順で改善しない場合は、より根深い問題や広範囲な問題を疑います。

👥 周りの人も同じ状況ですか？

【ヒアリング】 「お客様の周りの方で、同じアプリを使っていて、同様にフリーズする方はいらっしゃいますか？」

[はい, 周りも同じ現象が起きる] → アプリ自体の不具合や、最近のOSアップデートとの相性問題など、広範囲な問題の可能性が高いです。「貴重な情報をありがとうございます。皆様に影響が出ている問題のようですので、こちらで開発元への確認や、社内システムとの関連を至急調査いたします」と伝え、システム管理部門へエスカレーションします。

[いいえ, 自分だけ] → お客様のPC固有の問題の可能性が高いです。

♻️ アプリの再インストールとエスカレーション

【手順案内】 「ここまでお試しいただいても改善しない場合、最終手段としてアプリの再インストール（一度完全に削除し、再度インストールし直すこと）で解決する可能性がございます」とご案内します。

【重要：注意喚起】 「ただし、この作業を行うと、アプリ内の設定などが初期状態に戻ってしまう可能性がございます。 もしよろしければ、専門の担当者がリモート操作でバックアップの確認などをしながら、安全に作業を引き継がせていただきますが、いかがでしょうか？」と、お客様にリスクを説明した上で、エスカレーションを提案します。","digraph G {
  fontname=""sans-serif"";
  node [fontname=""sans-serif""];
  edge [fontname=""sans-serif""];

  subgraph cluster_0 {
    label = ""🧊 特定アプリがフリーズする時のトラブル対応フローチャート"";
    
    A [shape=diamond, label=""🤔 状況を詳しくヒアリングします""];
    B [shape=box, label=""🔄 “再起動” を試します""];
    C [shape=diamond, label=""【確認依頼】 一時的に直りますか？""];
    D [shape=box, label=""パソコンを再起動し、再度同じ操作を試してみていただけますでしょうか""];
    E [shape=diamond, label=""📄 新規ファイルでも発生しますか？""];
    F [shape=box, label=""ファイルのバックアップを取った上で、中身を新しいファイルにコピーして保存し直すと改善するかもしれません""];
    G [shape=diamond, label=""✨ アプリは最新の状態ですか？""];
    H [shape=box, label=""アプリのメニューから、更新プログラムがないかご確認いただけますか？""];
    I [shape=box, label=""🔧 アプリの「修復（リペア）」を試します""];
    J [shape=diamond, label=""🏃 パソコンに負荷がかかりすぎていませんか？""];
    K [shape=box, label=""他のアプリやタブを閉じて、パソコンの負担を軽くした状態で、再度動作をご確認いただけますでしょうか""];
    L [shape=diamond, label=""👥 周りの人も同じ状況ですか？""];
    M [shape=box, style=filled, fillcolor=lightcoral, label=""開発元への確認や、社内システムとの関連を至急調査いたします""];
    N [shape=box, label=""♻️ アプリの再インストールとエスカレーション""];
    O [shape=box, style=filled, fillcolor=lightcoral, label=""専門の担当者がリモート操作でバックアップの確認などをしながら、安全に作業を引き継がせていただきます""];
    P [shape=oval, style=filled, fillcolor=lightgreen, label=""対応完了""];


  }

  A -> B;
  B -> C;
  C -> D [label=""いいえ""];
  C -> E [label=""はい""];
  E -> F [label=""新規ファイルではフリーズしない""];
  E -> G [label=""新規ファイルでもフリーズする""];
  E -> G [label=""いいえ、どのファイルでも発生する""];
  G -> H;
  H -> I;
  I -> J;
  J -> K;
  K -> L;
  L -> M [label=""はい, 周りも同じ現象が起きる""];
  L -> N [label=""いいえ, 自分だけ""];
  N -> O;
  O -> P;
  D -> E;

}",0
Web会議のトラブル,"web会議, zoom, teams, meet, 音声, 声, マイク, 映像, カメラ, 映らない, 聞こえない, audio, video, mic, camera","🎤 Web会議トラブル対応フローチャート
▼ STEP 1：状況のヒアリングと基本の対処
まず、具体的な症状をお伺いし、最も簡単で効果的な対処法から試します。

🤔 どのようなトラブルでお困りですか？

【ヒアリング】 「承知いたしました。Web会議のトラブルとのことですが、具体的にどのようなことでお困りでしょうか？」と、まずはお客様に自由に話してもらいます。

【追加ヒアリング】 もし話が漠然としていたら、こちらから選択肢を提示します。「例えば、以下のような状況でしょうか？」

A. 音声のトラブル（自分の声が届かない、相手の声が聞こえない）

B. 映像のトラブル（自分の顔が映らない、相手の映像が見えない）

C. 接続のトラブル（会議に入れない、すぐに切れてしまう）

D. その他のトラブル（画面共有ができない など）

🔄 アプリ or PC の再起動を試します

【確認依頼】 「ありがとうございます。まず、お使いのWeb会議アプリ（Teams, Zoomなど）やブラウザを一度完全に閉じて、もう一度会議に参加し直すと改善するか、お試しいただけますでしょうか？」

【ヒアリング】 「それでも改善しない場合、パソコン自体の再起動は既にお試しいただけましたでしょうか？」

[いいえ] → 「承知いたしました。パソコンを再起動することで改善することが多くございますので、お手数ですが一度再起動をお願いいたします」とご案内します。

[はい] → 「ありがとうございます。それでは、先ほどお伺いしたトラブル内容に沿って、原因を詳しく調べていきましょう」と伝え、STEP 2へ進みます。

▼ STEP 2：トラブル別の原因切り分け
ヒアリングした内容（A, B, C）に応じて、確認するポイントを変えていきます。

分岐A：音声のトラブル（聞こえない・届かない）の場合 🗣️
🔌 物理的な接続とミュートを確認します

【確認依頼】 「お使いのヘッドセットやマイクのケーブルは、パソコンにしっかり差し込まれていますか？一度抜いて、もう一度挿し直してみてください」

【確認依頼】 「マイク本体やケーブルの途中に、ミュート（消音）スイッチがあれば、オフ（消音されていない状態）になっているかご確認ください」

🔇 アプリ画面上のミュートを確認します

【確認依頼】 「Web会議の画面上で、マイクのアイコンに斜線が入って『ミュート』の状態になっていませんか？もしなっていたら、クリックして解除してみてください」

🔊 音量の設定を確認します

【確認依頼】 （相手の声が聞こえない場合）「パソコン本体の音量や、ヘッドセットの音量ダイヤルが、ゼロや小さい設定になっていないかご確認ください」

【確認依頼】 （自分の声が届かない場合）「Web会議アプリの音声設定で、入力デバイス（マイク）が、お使いのヘッドセットやマイクの名前に正しく設定されているかご確認ください」

分岐B：映像のトラブル（映らない・見えない）の場合 📷
💻 物理的なカメラのオン・オフを確認します

【確認依頼】 「ノートパソコンのカメラ部分に、物理的な**シャッター（目隠しスライド）**があれば、開いているかご確認ください」

【確認依頼】 「キーボードのキー（Fキーなど）に、カメラに斜線の入ったマークがあれば、一度そのキーを押してカメラがオンになるかお試しください」

📹 アプリ画面上のビデオ停止を確認します

【確認依頼】 「Web会議の画面上で、ビデオのアイコンに斜線が入って『ビデオの停止』の状態になっていませんか？もしなっていたら、クリックして開始してみてください」

⚙️ カメラへのアクセス許可を確認します

【手順案内】 「パソコンの設定で、アプリがカメラを使うことを許可していない可能性があります。Windowsの『設定』から『プライバシー』→『カメラ』を開き、『アプリがカメラにアクセスできるようにする』がオンになっているか、また一覧の中のWeb会議アプリがオンになっているかご確認ください」

分岐C：接続のトラブル（入れない・途切れる）の場合 🌐
🔗 インターネット接続を確認します

【確認依頼】 「まず、Web会議とは関係なく、ブラウザでYahoo!などのウェブサイトは正常に表示されますか？」

[いいえ] → ネットワーク接続自体の問題です。「Wi-Fiに接続できない」などのトラブルシューティングに切り替えます。

✉️ 招待情報が正しいか確認します

【確認依頼】 「会議に参加するためのURLやID、パスワードにお間違いがないか、招待メールなどを再度ご確認いただけますでしょうか」

🏠 ネットワークの負荷を確認します

【ヒアリング】 「ご自宅などから接続している場合、ご家族が動画を観ていたり、大きなファイルをダウンロードしたりしていませんか？」

【確認依頼】 「もし可能であれば、一度そうした他の通信を止めてみて、Web会議が安定するかお試しいただけますでしょうか」

▼ STEP 3：最終切り分けとエスカレーション
ここまでの手順で解決しない場合は、より広範囲な問題を疑います。

👥 他の参加者はどうですか？

【ヒアリング】 「会議に参加している他の方で、同じようなトラブルが起きている方はいらっしゃいますか？」

[はい、他の人も同じ状況] → Web会議サービス自体の障害や、会社全体のネットワークの問題の可能性があります。「情報をありがとうございます。現在、Web会議システム全体で問題が発生している可能性がございます。こちらで至急状況を確認いたしますので、少々お待ちください」と伝え、システム管理部門へエスカレーションします。

[いいえ、自分だけです] → お客様のPC固有の問題の可能性が高いです。

🆘 専門担当者による詳細調査へ

【手順案内】 「お調べいただき、ありがとうございます。お客様固有の環境に原因がある可能性が高いため、より詳細な調査が必要です」

【エスカレーション】 「恐れ入りますが、専門の担当者がリモート操作などで詳しくお調べいたしますので、対応を引き継がせていただいてもよろしいでしょうか？」と、丁寧にお伝えし、上位担当者へエスカレーションします。その際、**「試した手順」と「ヒアリング内容（音声・映像・接続のどれかなど）」**を正確に伝えることが重要です。","digraph G {
    rankdir=TB; /* ここをLRからTBに変更 */
    node [fontname=""sans-serif""];

    subgraph cluster_0 {
        label = ""Web会議トラブル対応フローチャート"";
        
        A1 [label=""状況のヒアリングと基本の対処""];
        A2 [label=""どのようなトラブルでお困りですか？"", shape=diamond];
        A3 [label=""アプリor PCの再起動を試します""];
        A4 [label=""それでも改善しない場合、\nパソコンの再起動は既にお試しいただけましたでしょうか？"", shape=diamond];
        A5 [label=""パソコンを再起動してください""];
        A6 [label=""STEP 2へ""];

        B1 [label=""トラブル別の原因切り分け""];
        B2A [label=""音声のトラブル""];
        B2B [label=""映像のトラブル""];
        B2C [label=""接続のトラブル""];

        C1 [label=""対応完了"", shape=oval, style=filled, fillcolor=lightgreen];
        C2 [label=""ネットワーク接続自体の問題です"", shape=box, style=filled, fillcolor=lightcoral];
        C3 [label=""システム管理部門へエスカレーション"", shape=box, style=filled, fillcolor=lightcoral];
        C4 [label=""専門担当者による詳細調査へ"", shape=box, style=filled, fillcolor=lightcoral];

        B2Aa [label=""物理的接続とミュートを確認""];
        B2Ab [label=""アプリ画面上のミュートを確認""];
        B2Ac [label=""音量の設定を確認""];

        B2Ba [label=""物理的なカメラのオン・オフを確認""];
        B2Bb [label=""アプリ画面上のビデオ停止を確認""];
        B2Bc [label=""カメラへのアクセス許可を確認""];

        B2Ca [label=""インターネット接続を確認"", shape=diamond];
        B2Cb [label=""招待情報が正しいか確認""];
        B2Cc [label=""ネットワークの負荷を確認""];

        D1 [label=""STEP 3：最終切り分けとエスカレーション""];
        D2 [label=""他の参加者はどうですか？"", shape=diamond];
        D3 [label=""自分だけです""];
    }

    A1 -> A2;
    A2 -> A3;
    A3 -> A4;
    A4 -> A5 [label=""いいえ""];
    A4 -> A6 [label=""はい""];
    A5 -> C1;
    A6 -> B1;

    B1 -> B2A;
    B1 -> B2B;
    B1 -> B2C;

    B2A -> B2Aa;
    B2Aa -> B2Ab;
    B2Ab -> B2Ac;
    B2Ac -> C1;

    B2B -> B2Ba;
    B2Ba -> B2Bb;
    B2Bb -> B2Bc;
    B2Bc -> C1;

    B2C -> B2Ca;
    B2Ca -> C2 [label=""いいえ""];
    B2Ca -> B2Cb [label=""はい""];
    B2Cb -> B2Cc;
    B2Cc -> C1;

    B1 -> D1;
    D1 -> D2;
    D2 -> C3 [label=""はい、他の人も同じ状況""];
    D2 -> D3 [label=""いいえ、自分だけです""];
    D3 -> C4;
}",0
共有フォルダアクセス不可,"共有フォルダ, 共有, サーバー, server, フォルダ, アクセスできない, 開けない, 見れない, 権限, access, share","""""""""""""""📁 共有フォルダにアクセスできない時のトラブル対応フローチャート
▼ STEP 1：状況把握と “最重要” な切り分け
まず、どのような状況で問題が起きているのかを正確に把握し、問題の影響範囲を特定します。

🤔 状況を詳しくヒアリングします

【ヒアリング①】 「承知いたしました。アクセスできない共有フォルダの名前や場所（フォルダのアドレスなど）を、わかる範囲で教えていただけますか？」

【ヒアリング②】 「アクセスしようとすると、何かエラーメッセージ（例えば『アクセスが拒否されました』や『ネットワークパスが見つかりません』など）は表示されますか？」

【ヒアリング③】 「いつ頃からアクセスできなくなりましたか？ 例えば、昨日までは問題なく使えていましたでしょうか？」

👥【最重要】周りの人もアクセスできませんか？

【ヒアリング④】 「お客様の周りの方で、同じ共有フォルダにアクセスできない、という方はいらっしゃいますか？」

[はい、周りもアクセスできない] → サーバーやネットワークなど、全体の問題の可能性が非常に高いです。

【手順案内】 「貴重な情報をありがとうございます。皆様に影響が出ている状況のようですので、共有フォルダを管理している大元のサーバーに問題が発生している可能性が高いです。こちらで大至急、専門部署に確認を依頼しますので、復旧まで今しばらくお待ちください」とご案内し、速やかにシステム管理部門へエスカレーション（報告・対応依頼）します。

（この時点で、このお客様への一次対応は完了です）

[いいえ、自分だけです] → お客様個人のPC、ネットワーク接続、またはアカウントの問題の可能性が高いです。次のSTEP 2へ進みます。

▼ STEP 2：ネットワーク接続の基本確認
お客様のパソコンが、社内ネットワークに正しく接続されているかを確認します。

🏠 社内ですか？ 社外ですか？

【ヒアリング】 「現在、会社のオフィス内で作業されていますか？ それともご自宅など社外から作業されていますか？」

[社外です] → 「ありがとうございます。社外から共有フォルダにアクセスするには、VPN接続が必要となります。VPNには正常に接続できていますでしょうか？」

[いいえ] → VPNの接続トラブルシューティングを先にご案内します。

[はい] → 次のステップへ進みます。

[社内です] → 次のステップへ進みます。

🌐 インターネットは見れますか？

【確認依頼】 「パソコンの基本的なネットワーク接続を確認させてください。ブラウザを開いて、社内のポータルサイトやYahoo!などのウェブサイトは問題なく閲覧できますか？」

[いいえ] → 共有フォルダ以前に、ネットワーク接続に問題があります。「Wi-Fiに接続できない」「インターネットに繋がらない」などのトラブルシューティングをご案内します。

[はい] → 次のステップへ進みます。

🔄 パソコンの再起動は試しましたか？

【確認依頼】 「ありがとうございます。それでは、一度パソコンを再起動して、再度共有フォルダにアクセスできるかお試しいただけますでしょうか。一時的な接続の不具合であれば、再起動で改善することがございます」

解決しない場合 → 次のSTEP 3へ進みます。

▼ STEP 3：アクセス権の確認
ネットワークに問題がない場合、フォルダを見るための「許可（アクセス権）」があるかどうかを確認します。

🔑 アクセス権を確認します

【手順案内】 「承知いたしました。ネットワーク接続には問題なさそうですので、お客様のアカウントに、そのフォルダを閲覧・編集するための『アクセス権』が正しく設定されているか、こちらでお調べします。少々お待ちください」

（担当者の作業） 社内のアカウント管理ツールなどで、お客様のアカウントに、対象フォルダへの適切なアクセス権（読み取り、書き込みなど）が付与されているかを確認します。

[権限が付与されていなかった場合]

【手順案内】 「お調べしたところ、アクセス権が設定されていないようでした。ただいま設定を追加しますので、完了後にもう一度アクセスをお試しください」とご案内し、権限を付与します。（※もし権限付与に上長の承認などが必要な場合は、その社内ルールに沿った申請方法をご案内します）

[権限は正しく設定されていた場合]

【手順案内】 「お待たせいたしました。アクセス権は問題なく設定されているようです。そうなりますと、お客様のパソコン固有の、より複雑な問題の可能性が考えられます」と伝え、次のSTEP 4へ進みます。

▼ STEP 4：最終切り分けとエスカレーション
ここまでの手順で解決しない場合は、専門的な調査が必要です。

🆘 専門担当者による詳細調査へ

【手順案内】 「ここまでの手順で改善しないとなりますと、お客様のパソコン固有の設定や、より詳細な調査が必要となります」

【エスカレーション】 「恐れ入りますが、専門の担当者がリモート操作などでお客様のパソコンの状況を直接確認しながら、対応を引き継がせていただいてもよろしいでしょうか？」と、丁寧にお伝えし、上位担当者へエスカレーションします。

【重要】 引き継ぐ際には、**「周りの方はアクセス可能」「ネットワーク接続OK」「アクセス権OK」**など、ここまで確認した内容を正確に伝えることが、その後のスムーズな解決に繋がります。""""""""""""""","digraph G {
  rankdir=TB;
  node [shape=box];

  subgraph cluster_step1 {
    label = ""▼ STEP 1：状況把握と “最重要” な切り分け"";
    start [label=""🤔 状況を詳しくヒアリングします""];
    hearing1 [label=""【ヒアリング①】共有フォルダ名、場所""];
    hearing2 [label=""【ヒアリング②】エラーメッセージ""];
    hearing3 [label=""【ヒアリング③】いつからアクセス不可？""];
    important_question [label=""👥【最重要】周りの人もアクセスできませんか？""];
    yes_others_cannot [label=""[はい、周りもアクセスできない]"", shape=diamond];
    no_others_can [label=""[いいえ、自分だけです]"", shape=diamond];
    escalation [label=""【手順案内】専門部署に確認依頼"", style=filled, fillcolor=lightblue];
    step2 [label=""▼ STEP 2：ネットワーク接続の基本確認"", shape=box, style=rounded];

    start -> hearing1 -> hearing2 -> hearing3 -> important_question;
    important_question -> yes_others_cannot;
    yes_others_cannot -> escalation;
    important_question -> no_others_can;
    no_others_can -> step2;

  }

  subgraph cluster_step2 {
    label = ""▼ STEP 2：ネットワーク接続の基本確認"";
    location [label=""🏠 社内ですか？ 社外ですか？"", shape=diamond];
    outside [label=""[社外です]"", shape=diamond];
    inside [label=""[社内です]"", shape=box];
    vpn_connected [label=""[はい]"", shape=diamond];
    vpn_not_connected [label=""[いいえ]"", shape=diamond];
    vpn_troubleshooting [label=""VPNの接続トラブルシューティング"", style=filled, fillcolor=lightblue];
    internet_access [label=""🌐 インターネットは見れますか？"", shape=diamond];
    internet_yes [label=""[はい]"", shape=diamond];
    internet_no [label=""[いいえ]"", shape=diamond];
    internet_troubleshooting [label=""ネットワーク接続トラブルシューティング"", style=filled, fillcolor=lightblue];
    reboot [label=""🔄 パソコンの再起動は試しましたか？"", shape=diamond];
    reboot_yes [label=""解決しない場合"", shape=diamond];
    step3 [label=""▼ STEP 3：アクセス権の確認"", shape=box, style=rounded];

    step2 -> location;
    location -> outside;
    location -> inside;
    outside -> vpn_connected;
    outside -> vpn_not_connected;
    vpn_not_connected -> vpn_troubleshooting;
    vpn_connected -> inside;
    inside -> internet_access;
    internet_access -> internet_yes;
    internet_access -> internet_no;
    internet_no -> internet_troubleshooting;
    internet_yes -> reboot;
    reboot -> reboot_yes;
    reboot_yes -> step3;

  }

  subgraph cluster_step3 {
    label = ""▼ STEP 3：アクセス権の確認"";
    check_permission [label=""🔑 アクセス権を確認します""];
    permission_granted [label=""[権限が付与されていなかった場合]"", shape=diamond];
    permission_not_granted [label=""[権限は正しく設定されていた場合]"", shape=diamond];
    grant_permission [label=""【手順案内】アクセス権設定"", style=filled, fillcolor=lightblue];
    step4 [label=""▼ STEP 4：最終切り分けとエスカレーション"", shape=box, style=rounded];
    check_permission -> permission_granted;
    permission_granted -> grant_permission;
    permission_granted -> step4;
    permission_not_granted -> step4;
  }

  subgraph cluster_step4 {
    label = ""▼ STEP 4：最終切り分けとエスカレーション"";
    escalate [label=""🆘 専門担当者による詳細調査へ""];
    end [label=""【重要】情報を正確に伝える"", style=filled, fillcolor=lightgreen];
    escalate -> end;
  }

  escalation -> step2;
  grant_permission -> step4;
  step3 -> step4;


}",0
モニターが映らない,"モニター, モニタ, ディスプレイ,もにたー, 画面, 映らない, 真っ暗, 外部, 外付け, 拡張, 複製, monitor, display, screen, hdmi","""🖥️ モニターが映らない時のトラブル対応フローチャート
▼ STEP 1：モニター本体の電源と状態の確認
まず、パソコンから離れて、モニター自体が「目を覚ます」準備ができているかを確認します。

🔌 電源ケーブルはしっかり繋がっていますか？

【確認依頼】 「まず、モニターに繋がっている電源ケーブルが、壁のコンセント（または電源タップ）と、モニター本体の裏側に、それぞれ奥までしっかりと差し込まれているか、ご確認いただけますでしょうか？」

Point: 掃除などで机を動かした際に、ケーブルが緩んでしまうことがよくあります。

💡 電源ランプは点灯していますか？

【ヒアリング】 「ありがとうございます。次に、モニターの電源ボタンの周りにある小さなランプの状態を教えていただけますか？ 何色で、点灯していますか？ それとも点滅していますか？」

[ランプが全く点いていない]

→ モニターに電気が来ていない可能性が高いです。「モニターの電源ボタンを一度押してみてください。それでも点かなければ、別のコンセントに差し替えて映るかお試しいただけますでしょうか」とご案内します。

[オレンジ色などで """"点滅"""" している]

→ モニターの電源は入っていますが、パソコンからの映像信号が届いていない状態です。STEP 2へ進みます。

[青色などで """"点灯"""" している（でも画面は真っ暗）]

→ 電源は入り、信号も受け取っている可能性があります。STEP 2へ進みます。

💬 何かメッセージは表示されていますか？

【ヒアリング】 「モニターの画面に、一瞬でも『信号がありません』『No Signal』『ケーブルを確認してください』といったメッセージは表示されたり、画面上を移動していたりしますか？」

[はい、表示される] → モニター自体は正常に動いている可能性が高いです。原因はパソコンとの接続にあると考えられます。STEP 2へ進みます。

[いいえ、何も表示されない] → STEP 2へ進み、接続を確認します。

▼ STEP 2：パソコンとの「線」の接続を確認
次に、パソコンとモニターを繋いでいる映像ケーブルを確認します。これが原因のNo.1です。

🔗 映像ケーブルを挿し直してみましょう

【確認依頼】 「次に、パソコン本体とモニターを繋いでいる映像用のケーブル（HDMIなど、少し太めのケーブルです）の両端を、一度ゆっくりと抜いて、カチッという感触があるまで、もう一度まっすぐ奥までしっかりと差し直してみていただけますでしょうか？」

Point: 中途半端に挿さっている「半挿し」状態が非常に多いです。両端（パソコン側とモニター側）をしっかり確認してもらうことが重要です。

📍 別の差込口を試してみましょう

【確認依頼】 「パソコンの裏側などに、今挿している差込口と、同じ形をした別の差込口はございますか？ もしあれば、そちらに挿し替えてみて、画面が映るかお試しください」

▼ STEP 3：パソコン本体が起動しているか確認
モニターではなく、パソコン自体が眠っていたり、起動に失敗していたりする可能性を確認します。

🔊 パソコンは動いていますか？

【ヒアリング】 「パソコン本体の電源は入っていますか？ 電源ランプが点灯していたり、ファンが回る『ウィーン』という音が聞こえたりしますか？」

[いいえ、動いていない] → モニターではなく、パソコン本体の電源トラブルです。「パソコンの電源が入らない」場合のトラブルシューティングに切り替えます。

[はい、動いているようだ] → パソコンは起動しているようです。次のステップへ進みます。

🖱️ スリープ状態ではありませんか？

【確認依頼】 「パソコンがスリープ（省電力モード）になっている可能性もあります。キーボードのキーを何か押したり、マウスを動かしたりして、画面が復帰するかお試しいただけますか？」

▼ STEP 4：パソコンからの出力設定を確認（特にノートPCの場合）
パソコンが「2つ目の画面に映像を送る」設定になっているかを確認します。

⌨️ キー操作で画面を切り替えてみましょう

【手順案内】 「キーボードの左下にある**『Windows』の旗のマークのキーを押したまま**の状態で、アルファベットの『P』のキーを押してみてください。画面の右側に表示モードを切り替えるメニューが出てきます」

【確認依頼】 「そのまま『P』のキーを何度か押して、カーソルを**『複製』または『拡張』**に合わせてEnterキーを押すと、モニターが映るようになるかお試しください」

Point: これはノートパソコンに外部モニターを繋いでいる場合に、非常に効果的な方法です。

▼ STEP 5：最終切り分けとエスカレーション
ここまでの手順で改善しない場合は、機材の故障の可能性を考えます。

🔄 他の機材で試せますか？

【ヒアリング】 「もし、お近くに正常に映っているパソコンやモニターがあれば、そのケーブルやモニターと一時的に交換してみて、原因がどこにあるか（パソコン本体、ケーブル、モニターのどれか）を切り分けることは可能でしょうか？」

[交換したら映った] → 元々使っていたモニターかケーブルの故障が原因です。「故障の可能性が高いようです。交換の手配をいたします」とご案内します。

[交換しても映らない] → パソコン本体側の故障の可能性が高いです。

🆘 専門担当者による診断へ

【手順案内】 「お調べいただきありがとうございます。ここまでの手順で改善しないとなりますと、パソコン本体、モニター、ケーブルのいずれかが物理的に故障している可能性が高いです」

【エスカレーション】 「恐れ入りますが、専門の担当者が機材の診断に伺いますので、対応を引き継がせていただいてもよろしいでしょうか？」と、丁寧にお伝えし、ハードウェア担当のチームなどにエスカレーションします。""","digraph {
    rankdir=TB;
    node [fontname=""sans-serif"", shape=box, style=rounded];
    edge [fontname=""sans-serif""];

    // Start Node
    Start [label=""外付けモニターが映らない"", shape=oval, style=filled, fillcolor=lightblue];

    // Step 1: Basic Checks
    PowerCheck [label=""STEP 1: モニター本体の電源を確認\n(ケーブル接続、電源ランプ)""];
    SignalCheck [label=""モニターに「信号なし」等の\nメッセージは表示されるか？"", shape=diamond];

    // Step 2: Connection Check
    CableCheck [label=""STEP 2: 映像ケーブルの確認\n(両端をしっかり挿し直す)""];
    
    // Step 3: PC Output Settings
    PCOutput [label=""STEP 3: PCの出力設定を確認\n(Win + Pキーで「複製」か「拡張」を選択)""];

    // Step 4: Swap Testing
    SwapTest [label=""STEP 4: 最終切り分け\n(別のケーブルやモニターで試す)""];
    SwapResult [label=""別の機材で映ったか？"", shape=diamond];

    // End Nodes (Outcomes)
    Result_PCBoot [label=""PC本体の起動を確認してください"", shape=box, style=filled, fillcolor=lightcoral];
    Result_CableOrMonitor [label=""原因：ケーブルまたはモニターの故障"", shape=box, style=filled, fillcolor=orange];
    Result_PCFault [label=""原因：PC本体の故障の可能性大\n(専門部署へエスカレーション)"", shape=box, style=filled, fillcolor=lightcoral];
    End_Success [label=""解決"", shape=oval, style=filled, fillcolor=lightgreen];

    // Flow Logic
    Start -> PowerCheck;
    PowerCheck -> SignalCheck;
    
    SignalCheck -> CableCheck [label=""はい（メッセージ表示）""];
    SignalCheck -> Result_PCBoot [label=""いいえ（完全な真っ暗）""];
    
    CableCheck -> PCOutput;
    PCOutput -> SwapTest;
    
    SwapTest -> SwapResult;
    SwapResult -> Result_CableOrMonitor [label=""はい""];
    SwapResult -> Result_PCFault [label=""いいえ""];
    
    Result_CableOrMonitor -> End_Success;
}",0
PCが起動しない,"起動しない, 電源, 電源入らない, 立ち上がらない, 真っ暗, ビープ音, boot, power, start","""🚨 PCが起動しない時のトラブル対応フローチャート
▼ STEP 1：電源の確認（そもそも電気が来ているか？）
まず、パソコン内部の問題を疑う前に、電気が正しく供給されているかを徹底的に確認します。原因の半数以上はここにあります。

🔌 電源ケーブルを挿し直してみましょう

【確認依頼】 「承知いたしました。ご不便をおかけしております。まず、パソコン本体に繋がっている電源ケーブルが、壁のコンセント（または電源タップ）と、パソコン本体の裏側に、それぞれ奥までしっかりと差し込まれているか、ご確認いただけますでしょうか？」

Point: ケーブルの両端を一度抜き、しっかり挿し直してもらうのが確実です。

💡 電源タップとコンセントを確認します

【確認依頼】 「もし電源タップ（複数のコンセントがついた延長コード）をお使いの場合、タップ自体のスイッチがオフになっていないか、また、タップのランプが点灯しているかご確認ください」

【確認依頼】 「また、そのコンセントが正常かを確認するため、例えば電気スタンドやスマートフォンの充電器など、別の電気製品を挿して電気が来ているか、お試しいただけますでしょうか？」

🔋（ノートPCの場合）充電を試します

【ヒアリング】 「お使いのパソコンは、持ち運びができるノートパソコンでしょうか？」

[はい] → 「バッテリーが完全に空になっている可能性がございます。一度、電源ケーブルを接続したまま、15分ほど充電時間を置いてから、再度電源ボタンを押してみてください」

[いいえ、デスクトップです] → 次のSTEP 2へ進みます。

▼ STEP 2：“起動しない” の状態を詳しくヒアリング
「起動しない」にも色々な段階があります。ここで詳しく状況を伺うことで、原因を大きく絞り込めます。

🤔 電源ボタンを押すと、どうなりますか？

【ヒアリング】 「ありがとうございます。それでは、パソコンの電源ボタンを押したときに、パソコンはどのような反応をしますか？ 最も近いものを教えてください」

A.【完全な無反応】

→ ランプもつかず、音もせず、何も起きない。

この場合は STEP 3 へ

B.【反応はあるが画面は真っ暗】

→ 「ウィーン」というファンが回る音はする。電源ランプは点灯する。でも画面はずっと真っ暗のまま。

この場合は STEP 4 へ

C.【途中で止まってしまう】

→ メーカーのロゴ（FUJITSU、NECなど）や、Windowsのマークは表示されるが、その先へ進まない。または、エラーメッセージが表示される。

この場合は STEP 5 へ

▼ STEP 3：分岐A【完全な無反応】の場合の対処
電気が来ているはずなのに全く反応がない場合、接続機器が悪影響を与えている可能性を考えます。

🔗 周辺機器をすべて外してみましょう（放電）

【手順案内】 「承知いたしました。一度、パソコンに接続されているものをすべて取り外してみてください（マウス、キーボード、USBメモリ、プリンター、外付けのディスクなど）」

【手順案内】 「すべて外したら、パソコンの電源ケーブルも抜いて、1分ほどお待ちください。その後、電源ケーブルのみを接続し、再度電源ボタンを押して起動するかお試しいただけますでしょうか？」

解決しない場合 → STEP 6 のエスカレーションへ。

▼ STEP 4：分岐B【反応はあるが画面は真っ暗】の場合の対処
パソコン本体は動いているのに、画面に何も映らない場合、モニター側の問題を疑います。

🖥️ モニターの電源と接続を確認します

【手順案内】 「音やランプは反応があるのですね。その場合、パソコン本体ではなくモニター側の問題の可能性がございます」

【確認依頼】 「『モニターが映らない』場合の確認となりますが、モニターの電源は入っていますか？ また、パソコンとモニターを繋ぐ映像ケーブルは、両端ともしっかり接続されていますでしょうか？」

Point: ここからは「モニターが映らない」のトラブル対応フローに切り替えてご案内します。

解決しない場合 → STEP 6 のエスカレーションへ。

▼ STEP 5：分岐C【途中で止まってしまう】の場合の対処
OS（Windowsなど）の起動に失敗している可能性が高いです。

💬 エラーメッセージを確認します

【ヒアリング】 「メーカーのロゴなどが表示された画面で、何かエラーメッセージや英語の文章は表示されていますでしょうか？（例：『Preparing Automatic Repair』『Boot device not found』など）もし表示されていれば、その内容を正確に教えていただけますか？」

Point: このメッセージは原因特定の最大のヒントです。正確にメモしましょう。

🔗 周辺機器が邪魔をしていませんか？

【確認依頼】 「起動の邪魔をしている可能性があるので、パソコンに接続されているUSBメモリやDVD、外付けハードディスクがあれば、一度すべて取り外してから、再度起動をお試しいただけますでしょうか？」

解決しない場合 → STEP 6 のエスカレーションへ。

▼ STEP 6：最終切り分けとエスカレーション
これまでの手順で解決しない場合は、内部の部品故障やOSの深刻な破損が考えられます。

⚠️【重要】これ以上の操作は危険です

【手順案内】 「ここまでお試しいただき、ありがとうございます。お客様にご協力いただいた手順で改善しないとなりますと、パソコン内部の部品の故障や、OS（Windows）のシステムに深刻な問題が発生している可能性が非常に高いです」

【データ保護のための注意喚起】 「これ以上の操作は、パソコンに保存されている大切なデータを失ってしまう危険性がございます。 専門の担当者が安全に診断いたしますので、これ以上、電源のオン・オフを繰り返さないようお願いいたします」

🆘 専門担当者による診断・修理へ

【エスカレーション】 「専門の担当者がパソコンをお預かりして、診断・修理の手配をいたしますので、対応を引き継がせていただいてもよろしいでしょうか？」と、丁寧にお伝えし、ハードウェア担当のチームなどにエスカレーションします。その際、STEP2で確認した「どの段階で止まるか」という情報や、エラーメッセージを正確に伝えることが、その後の迅速な対応に繋がります。""","digraph G {
  rankdir=TB;
  node [shape=box];

  subgraph cluster_0 {
    label = ""🚨 PCが起動しない時のトラブル対応フローチャート"";
    style=rounded;

    A0 [label=""▼ STEP 1：電源の確認""];
    A1 [label=""🔌 電源ケーブルを挿し直す""];
    A2 [label=""💡 電源タップとコンセントを確認""];
    A3 [label=""🔋(ノートPCの場合)充電を試す""];
    A4 [label=""はい""];
    A5 [label=""いいえ、デスクトップです""];

    A0 -> A1;
    A1 -> A2;
    A2 -> A3;
    A3 -> A4 [label=""【ヒアリング】ノートPC？""];
    A4 -> A6 [label=""15分充電後再起動""];
    A3 -> A5 [label=""【ヒアリング】ノートPC？""];
    A5 -> B0;
  }

  subgraph cluster_1 {
    label = ""▼ STEP 2：”起動しない”の状態を詳しくヒアリング"";
    style=rounded;

    B0 [label=""🤔 電源ボタンを押すと、どうなりますか？""];
    B1 [label=""A.【完全な無反応】""];
    B2 [label=""B.【反応はあるが画面は真っ暗】""];
    B3 [label=""C.【途中で止まってしまう】""];

    B0 -> B1;
    B0 -> B2;
    B0 -> B3;
    B1 -> C0;
    B2 -> D0;
    B3 -> E0;
  }

  subgraph cluster_2 {
    label = ""▼ STEP 3：分岐A【完全な無反応】の場合の対処"";
    style=rounded;

    C0 [label=""🔗 周辺機器をすべて外してみましょう""];
    C1 [label=""解決しない場合""];

    C0 -> C1;
    C1 -> F0;
  }

  subgraph cluster_3 {
    label = ""▼ STEP 4：分岐B【反応はあるが画面は真っ暗】の場合の対処"";
    style=rounded;

    D0 [label=""🖥️ モニターの電源と接続を確認します""];
    D1 [label=""解決しない場合""];

    D0 -> D1;
    D1 -> F0;
  }

  subgraph cluster_4 {
    label = ""▼ STEP 5：分岐C【途中で止まってしまう】の場合の対処"";
    style=rounded;

    E0 [label=""💬 エラーメッセージを確認します""];
    E1 [label=""🔗 周辺機器が邪魔をしていませんか？""];
    E2 [label=""解決しない場合""];

    E0 -> E1;
    E1 -> E2;
    E2 -> F0;
  }


  subgraph cluster_5 {
    label = ""▼ STEP 6：最終切り分けとエスカレーション"";
    style=rounded;
    F0 [label=""⚠️【重要】これ以上の操作は危険です""];
    F1 [label=""🆘 専門担当者による診断・修理へ""];

    F0 -> F1;
  }


  A6 [label=""再起動成功"", shape=ellipse, style=filled, fillcolor=lightgreen];
  {rank=same; A6; F1;}

}",0